criteria,count,percentage
total_sections,23480,1.0
passed_title_criteria,14225,0.6058347529812607
passed_length_criteria,10954,0.46652470187393524
passed_reference_criteria,7260,0.3091993185689949
passed_all_criteria,5649,0.24058773424190802
