criteria,count,percentage
total_sections,23480,1.0
passed_title_criteria,14225,0.6058347529812607
passed_length_criteria,8776,0.3737649063032368
passed_reference_criteria,5649,0.24058773424190802
passed_all_criteria,5649,0.24058773424190802
